speed,extend the arm to reach for the cup,reach out to take the cup,extend arm to reach for the cup,approach the cup
0.1,"[0.002475, 0.006699, 0.005995, -0.019297, -0.010829, 0.041840, 0.996078]","[-0.006695, -0.002690, -0.011674, -0.009718, 0.031373, -0.011349, 0.996078]","[0.002475, -0.010784, -0.011154, -0.003332, 0.017976, -0.004902, 0.996078]","[-0.006472, -0.011432, 0.026001, -0.010356, -0.022216, -0.022632, 0.996078]"
0.2,"[0.004951, 0.013397, 0.011989, -0.038593, -0.021657, 0.083680, 0.996078]","[-0.013391, -0.005381, -0.023347, -0.019436, 0.062746, -0.022699, 0.996078]","[0.004951, -0.021569, -0.022308, -0.006664, 0.035951, -0.009804, 0.996078]","[-0.012943, -0.022864, 0.052002, -0.020713, -0.044433, -0.045264, 0.996078]"
0.3,"[0.007426, 0.020096, 0.017984, -0.057890, -0.032486, 0.125520, 0.996078]","[-0.020086, -0.008071, -0.035021, -0.029153, 0.094119, -0.034048, 0.996078]","[0.007426, -0.032353, -0.033462, -0.009996, 0.053927, -0.014706, 0.996078]","[-0.019415, -0.034296, 0.078003, -0.031069, -0.066649, -0.067896, 0.996078]"
0.4,"[0.009901, 0.026794, 0.023978, -0.077187, -0.043314, 0.167360, 0.996078]","[-0.026781, -0.010762, -0.046694, -0.038871, 0.125492, -0.045397, 0.996078]","[0.009901, -0.043138, -0.044616, -0.013327, 0.071902, -0.019608, 0.996078]","[-0.025887, -0.045728, 0.104004, -0.041426, -0.088865, -0.090528, 0.996078]"
0.5,"[0.012377, 0.033493, 0.029973, -0.096484, -0.054143, 0.209200, 0.996078]","[-0.033477, -0.013452, -0.058368, -0.048589, 0.156865, -0.056746, 0.996078]","[0.012377, -0.053922, -0.055770, -0.016659, 0.089878, -0.024511, 0.996078]","[-0.032358, -0.057160, 0.130006, -0.051782, -0.111081, -0.113159, 0.996078]"
